{"Ac": {"pbe": -4.1276203533333335}, "Ag": {"pbe": -2.8512491700000004}, "Al": {"pbe": -3.7425608725}, "Ar": {"pbe": -0.0710207}, "As": {"pbe": -4.65340441}, "Au": {"pbe": -3.27736288}, "B": {"pbe": -6.680634857499999}, "Ba": {"pbe": -1.92344648}, "Be": {"pbe": -3.73963641}, "Bi": {"pbe": -3.88096027}, "Br": {"pbe": -1.6728759533333333}, "C": {"pbe": -9.23250493}, "Ca": {"pbe": -2.0031633825}, "Cd": {"pbe": -0.915115065}, "Ce": {"pbe": -5.937914725}, "Cl": {"pbe": -1.8501158625}, "Co": {"pbe": -7.108150095}, "Cr": {"pbe": -9.65428124}, "Cs": {"pbe": -0.85354582}, "Cu": {"pbe": -4.09697049}, "Dy": {"pbe": -4.6054439}, "Er": {"pbe": -4.564513055}, "Eu": {"pbe": -10.27442555}, "F": {"pbe": -1.914577255}, "Fe": {"pbe": -8.46940276}, "Ga": {"pbe": -3.032088535}, "Gd": {"pbe": -14.08089752}, "Ge": {"pbe": -4.622926825}, "H": {"pbe": -3.3958171925}, "He": {"pbe": -0.02299473}, "Hf": {"pbe": -9.956409005}, "Hg": {"pbe": -0.305426585}, "Ho": {"pbe": -4.578091206666667}, "I": {"pbe": -1.55012696}, "In": {"pbe": -2.7518583366666665}, "Ir": {"pbe": -8.86099762}, "K": {"pbe": -1.110334322}, "Kr": {"pbe": -0.05622488}, "La": {"pbe": -4.928904805}, "Li": {"pbe": -1.9138243566666666}, "Lu": {"pbe": -4.52372}, "Mg": {"pbe": -1.60433496}, "Mn": {"pbe": -9.169565484482758}, "Mo": {"pbe": -10.85041889}, "N": {"pbe": -8.34268285625}, "Na": {"pbe": -1.3384015255}, "Nb": {"pbe": -10.194642027857142}, "Nd": {"pbe": -4.7678328375}, "Ne": {"pbe": -0.02950299}, "Ni": {"pbe": -5.78132778}, "Np": {"pbe": -12.94925217625}, "O": {"pbe": -4.9582055575}, "Os": {"pbe": -11.22974856}, "P": {"pbe": -5.409871328571429}, "Pa": {"pbe": -9.49751972}, "Pb": {"pbe": -3.70833607}, "Pd": {"pbe": -5.1928328}, "Pm": {"pbe": -4.75061866}, "Pr": {"pbe": -4.783098595}, "Pt": {"pbe": -6.05755738}, "Pu": {"pbe": -14.33192993375}, "Rb": {"pbe": -1.0165324696551723}, "Re": {"pbe": -12.448103105}, "Rh": {"pbe": -7.35144454}, "Ru": {"pbe": -9.275840975}, "S": {"pbe": -4.1278785359375}, "Sb": {"pbe": -4.12734622}, "Sc": {"pbe": -6.333050685}, "Se": {"pbe": -3.48949941140625}, "Si": {"pbe": -5.42503392}, "Sm": {"pbe": -4.719147255}, "Sn": {"pbe": -4.008154685}, "Sr": {"pbe": -1.6834514799999998}, "Ta": {"pbe": -11.85268567}, "Tb": {"pbe": -4.63025855}, "Tc": {"pbe": -10.365990165}, "Te": {"pbe": -3.1436425999999997}, "Th": {"pbe": -7.41983058}, "Ti": {"pbe": -7.89764335}, "Tl": {"pbe": -2.36627249}, "Tm": {"pbe": -4.475747785}, "U": {"pbe": -11.2965125}, "V": {"pbe": -9.11860228}, "W": {"pbe": -12.96431279}, "Xe": {"pbe": -0.03674267}, "Y": {"pbe": -6.466461815}, "Yb": {"pbe": -1.52596586}, "Zn": {"pbe": -1.273959215}, "Zr": {"pbe": -8.54814442}}
