{
    "molar_mass": {
      "H": 1.00794,
      "He": 4.002602,
      "Li": 6.941,
      "Be": 9.012182,
      "B": 10.811,
      "C": 12.0107,
      "N": 14.0067,
      "O": 15.9994,
      "F": 18.9984032,
      "Ne": 20.1797,
      "Na": 22.98976928,
      "Mg": 24.305,
      "Al": 26.9815386,
      "Si": 28.0855,
      "P": 30.973762,
      "S": 32.065,
      "Cl": 35.453,
      "Ar": 39.948,
      "K": 39.0983,
      "Ca": 40.078,
      "Sc": 44.955912,
      "Ti": 47.867,
      "V": 50.9415,
      "Cr": 51.9961,
      "Mn": 54.938045,
      "Fe": 55.845,
      "Co": 58.933195,
      "Ni": 58.6934,
      "Cu": 63.546,
      "Zn": 65.38,
      "Ga": 69.723,
      "Ge": 72.64,
      "As": 74.9216,
      "Se": 78.96,
      "Br": 79.904,
      "Kr": 83.798,
      "Rb": 85.4678,
      "Sr": 87.62,
      "Y": 88.90585,
      "Zr": 91.224,
      "Nb": 92.90638,
      "Mo": 95.96,
      "Tc": 98,
      "Ru": 101.07,
      "Rh": 102.9055,
      "Pd": 106.42,
      "Ag": 107.8682,
      "Cd": 112.411,
      "In": 114.818,
      "Sn": 118.71,
      "Sb": 121.76,
      "Te": 127.6,
      "I": 126.90447,
      "Xe": 131.293,
      "Cs": 132.9054519,
      "Ba": 137.327,
      "La": 138.90547,
      "Ce": 140.116,
      "Pr": 140.90765,
      "Nd": 144.242,
      "Pm": 145,
      "Sm": 150.36,
      "Eu": 151.964,
      "Gd": 157.25,
      "Tb": 158.92535,
      "Dy": 162.5,
      "Ho": 164.93032,
      "Er": 167.259,
      "Tm": 168.93421,
      "Yb": 173.054,
      "Lu": 174.9668,
      "Hf": 178.49,
      "Ta": 180.94788,
      "W": 183.84,
      "Re": 186.207,
      "Os": 190.23,
      "Ir": 192.217,
      "Pt": 195.084,
      "Au": 196.966569,
      "Hg": 200.59,
      "Tl": 204.3833,
      "Pb": 207.2,
      "Bi": 208.9804
    },
    "abundance_ppm": {
      "H": 1433.333333,
      "He": 1,
      "Li": 18.5,
      "Be": 2.35,
      "B": 9.35,
      "C": 980,
      "N": 19.5,
      "O": 462700,
      "F": 471.6666667,
      "Ne": 1,
      "Na": 24700,
      "Mg": 24366.66667,
      "Al": 81666.66667,
      "Si": 276300,
      "P": 1116.666667,
      "S": 430,
      "Cl": 255,
      "Ar": 1,
      "K": 20566.66667,
      "Ca": 42666.66667,
      "Sc": 24,
      "Ti": 6133.333333,
      "V": 155,
      "Cr": 197.3333333,
      "Mn": 983.3333333,
      "Fe": 56600,
      "Co": 27.5,
      "Ni": 121.3333333,
      "Cu": 64,
      "Zn": 74.5,
      "Ga": 19,
      "Ge": 1.45,
      "As": 1.95,
      "Se": 0.05,
      "Br": 2.7,
      "Kr": 1,
      "Rb": 75,
      "Sr": 365,
      "Y": 31,
      "Zr": 181.6666667,
      "Nb": 18.5,
      "Mo": 1.15,
      "Tc": 1,
      "Ru": 0.001,
      "Rh": 0.00085,
      "Pd": 0.01065,
      "Ag": 0.0775,
      "Cd": 0.15,
      "In": 0.205,
      "Sn": 2.25,
      "Sb": 0.2,
      "Te": 0.001,
      "I": 0.47,
      "Xe": 1,
      "Cs": 2.45,
      "Ba": 421.6666667,
      "La": 36.5,
      "Ce": 63.25,
      "Pr": 8.95,
      "Nd": 37.25,
      "Pm": 1,
      "Sm": 6.525,
      "Eu": 1.9,
      "Gd": 5.7,
      "Tb": 1.07,
      "Dy": 5.7,
      "Ho": 1.25,
      "Er": 3.25,
      "Tm": 0.485,
      "Yb": 3,
      "Lu": 0.5,
      "Hf": 3.15,
      "Ta": 1.85,
      "W": 1.175,
      "Re": 0.00165,
      "Os": 0.00165,
      "Ir": 0.0007,
      "Pt": 0.00435,
      "Au": 0.00355,
      "Hg": 0.076,
      "Tl": 0.69,
      "Pb": 12,
      "Bi": 0.01675
    },
    "scarcity": {
      "H": 0.000698,
      "He": 1,
      "Li": 0.054054,
      "Be": 0.425532,
      "B": 0.106952,
      "C": 0.00102,
      "N": 0.051282,
      "O": 0.000002,
      "F": 0.00212,
      "Ne": 1,
      "Na": 0.00004,
      "Mg": 0.000041,
      "Al": 0.000012,
      "Si": 0.000004,
      "P": 0.000896,
      "S": 0.002326,
      "Cl": 0.003922,
      "Ar": 1,
      "K": 0.000049,
      "Ca": 0.000023,
      "Sc": 0.041667,
      "Ti": 0.000163,
      "V": 0.006452,
      "Cr": 0.005068,
      "Mn": 0.001017,
      "Fe": 0.000018,
      "Co": 0.036364,
      "Ni": 0.008242,
      "Cu": 0.015625,
      "Zn": 0.013423,
      "Ga": 0.052632,
      "Ge": 0.689655,
      "As": 0.512821,
      "Se": 20,
      "Br": 0.37037,
      "Kr": 1,
      "Rb": 0.013333,
      "Sr": 0.00274,
      "Y": 0.032258,
      "Zr": 0.005505,
      "Nb": 0.054054,
      "Mo": 0.869565,
      "Tc": 1,
      "Ru": 1000,
      "Rh": 1176.470588,
      "Pd": 93.896714,
      "Ag": 12.903226,
      "Cd": 6.666667,
      "In": 4.878049,
      "Sn": 0.444444,
      "Sb": 5,
      "Te": 1000,
      "I": 2.12766,
      "Xe": 1,
      "Cs": 0.408163,
      "Ba": 0.002372,
      "La": 0.027397,
      "Ce": 0.01581,
      "Pr": 0.111732,
      "Nd": 0.026846,
      "Pm": 1,
      "Sm": 0.153257,
      "Eu": 0.526316,
      "Gd": 0.175439,
      "Tb": 0.934579,
      "Dy": 0.175439,
      "Ho": 0.8,
      "Er": 0.307692,
      "Tm": 2.061856,
      "Yb": 0.333333,
      "Lu": 2,
      "Hf": 0.31746,
      "Ta": 0.540541,
      "W": 0.851064,
      "Re": 606.060606,
      "Os": 606.060606,
      "Ir": 1428.571429,
      "Pt": 229.885057,
      "Au": 281.690141,
      "Hg": 13.157895,
      "Tl": 1.449275,
      "Pb": 0.083333,
      "Bi": 59.701493
    },
    "hhi_production": {
      "H": 0,
      "He": 0,
      "Li": 2850,
      "Be": 8074,
      "B": 2929,
      "C": 500,
      "N": 1329,
      "O": 500,
      "F": 1500,
      "Ne": 0,
      "Na": 1102,
      "Mg": 5259,
      "Al": 1569,
      "Si": 4708,
      "P": 1951,
      "S": 737,
      "Cl": 1500,
      "Ar": 0,
      "K": 1738,
      "Ca": 3860,
      "Sc": 5500,
      "Ti": 1119,
      "V": 3266,
      "Cr": 3103,
      "Mn": 1593,
      "Fe": 2424,
      "Co": 3052,
      "Ni": 988,
      "Cu": 1576,
      "Zn": 1574,
      "Ga": 5500,
      "Ge": 5267,
      "As": 3337,
      "Se": 2225,
      "Br": 3299,
      "Kr": 0,
      "Rb": 6000,
      "Sr": 4179,
      "Y": 9834,
      "Zr": 3410,
      "Nb": 8525,
      "Mo": 2410,
      "Tc": 0,
      "Ru": 3239,
      "Rh": 3239,
      "Pd": 3239,
      "Ag": 1229,
      "Cd": 1676,
      "In": 3333,
      "Sn": 2591,
      "Sb": 7906,
      "Te": 2892,
      "I": 4887,
      "Xe": 0,
      "Cs": 6000,
      "Ba": 2973,
      "La": 9476,
      "Ce": 9476,
      "Pr": 9476,
      "Nd": 9476,
      "Pm": 9476,
      "Sm": 9476,
      "Eu": 9476,
      "Gd": 9476,
      "Tb": 9476,
      "Dy": 9476,
      "Ho": 9476,
      "Er": 9476,
      "Tm": 9476,
      "Yb": 9476,
      "Lu": 9476,
      "Hf": 3410,
      "Ta": 2252,
      "W": 6981,
      "Re": 3258,
      "Os": 5504,
      "Ir": 5504,
      "Pt": 5504,
      "Au": 1119,
      "Hg": 5505,
      "Tl": 6500,
      "Pb": 2716,
      "Bi": 5296
    },
    "hhi_reserve": {
      "H": 0,
      "He": 0,
      "Li": 4180,
      "Be": 4000,
      "B": 1980,
      "C": 500,
      "N": 500,
      "O": 500,
      "F": 1500,
      "Ne": 0,
      "Na": 500,
      "Mg": 500,
      "Al": 1000,
      "Si": 1000,
      "P": 5063,
      "S": 1000,
      "Cl": 1500,
      "Ar": 0,
      "K": 7201,
      "Ca": 1500,
      "Sc": 4500,
      "Ti": 1552,
      "V": 3397,
      "Cr": 4053,
      "Mn": 1790,
      "Fe": 1373,
      "Co": 2655,
      "Ni": 1479,
      "Cu": 1524,
      "Zn": 1895,
      "Ga": 1895,
      "Ge": 1895,
      "As": 4000,
      "Se": 1910,
      "Br": 6880,
      "Kr": 0,
      "Rb": 6000,
      "Sr": 3000,
      "Y": 2646,
      "Zr": 2595,
      "Nb": 8792,
      "Mo": 5260,
      "Tc": 0,
      "Ru": 8000,
      "Rh": 8000,
      "Pd": 8000,
      "Ag": 1368,
      "Cd": 1341,
      "In": 2000,
      "Sn": 1639,
      "Sb": 3419,
      "Te": 4934,
      "I": 4836,
      "Xe": 0,
      "Cs": 6000,
      "Ba": 2347,
      "La": 3129,
      "Ce": 3129,
      "Pr": 3129,
      "Nd": 3129,
      "Pm": 3129,
      "Sm": 3129,
      "Eu": 3129,
      "Gd": 3129,
      "Tb": 3129,
      "Dy": 3129,
      "Ho": 3129,
      "Er": 3129,
      "Tm": 3129,
      "Yb": 3129,
      "Lu": 3129,
      "Hf": 2595,
      "Ta": 4811,
      "W": 4297,
      "Re": 3314,
      "Os": 9087,
      "Ir": 9087,
      "Pt": 9087,