{
    "1": 0.010248262759124828,
    "2": 1.1017766786814447e-06,
    "3": 0.0188548782670143,
    "4": 0.009287107577590882,
    "5": 0.007993505780326374,
    "6": 0.008223197223708333,
    "7": 0.013789894898623208,
    "8": 0.02702397245697475,
    "9": 0.009700795726312642,
    "10": 4.059177237247428e-07,
    "11": 0.012400090600835936,
    "12": 0.017383774447989588,
    "13": 0.015630267869744946,
    "14": 0.013805203795632257,
    "15": 0.014592916132643243,
    "16": 0.015360738501191717,
    "17": 0.013304591265787155,
    "18": 5.798824624639182e-07,
    "19": 0.01328249774396728,
    "20": 0.012671649558007788,
    "21": 0.01486986799671601,
    "22": 0.0073549972009073535,
    "23": 0.006265572018676391,
    "24": 0.00851748757340877,
    "25": 0.010847397319342547,
    "26": 0.012595395014193784,
    "27": 0.014640292529826545,
    "28": 0.016567531893825378,
    "29": 0.018088969510591957,
    "30": 0.017769512262020587,
    "31": 0.01481907029300417,
    "32": 0.012434999525076262,
    "33": 0.01436571818384988,
    "34": 0.01830723726946338,
    "35": 0.01271711234306496,
    "36": 1.681659141145363e-06,
    "37": 0.010415500861299422,
    "38": 0.01264271342313084,
    "39": 0.01647086548733264,
    "40": 0.01172325179064805,
    "41": 0.007651491103965155,
    "42": 0.009293370308185493,
    "43": 0.009788357978144695,
    "44": 0.01055438271105953,
    "45": 0.013466436461060835,
    "46": 0.015857871736262033,
    "47": 0.017590966451827946,
    "48": 0.016598671582059688,
    "49": 0.017950667543294316,
    "50": 0.013313231514477868,
    "51": 0.013554636583601596,
    "52": 0.01756487174101707,
    "53": 0.010181286334710245,
    "54": 1.2467472942974242e-05,
    "55": 0.008344218693624552,
    "56": 0.012823926692650813,
    "57": 0.016409455934557712,
    "58": 0.007575700466121121,
    "59": 0.011389703398238804,
    "60": 0.01153971899127822,
    "61": 0.011671584263242515,
    "62": 0.011372190947872394,
    "63": 0.0019487530033562438,
    "64": 0.0035249895128256666,
    "65": 0.011355490332953433,
    "66": 0.011396024117079661,
    "67": 0.011243051123481678,
    "68": 0.010921912215769162,
    "69": 0.0109952093590246,
    "70": 0.0005817380863438028,
    "71": 0.003544473563564454,
    "72": 0.008280257658014782,
    "73": 0.009659508094985211,
    "74": 0.008677651109541305,
    "75": 0.008585913703979512,
    "76": 0.010018687292235363,
    "77": 0.013457158341661411,
    "78": 0.01576259704767921,
    "79": 0.016841758310324563,
    "80": 0.016395712720197318,
    "81": 0.017786734771155766,
    "82": 0.014033271568119315,
    "83": 0.010053016334013226,
    "84": 0.0,
    "85": 0.0,
    "86": 0.0,
    "87": 0.0,
    "88": 0.0,
    "89": 0.009234396261752913,
    "90": 0.00704487605998165,
    "91": 0.005554462154956887,
    "92": 0.003876398285078801,
    "93": 0.0034284970710716702,
    "94": 0.006321646652796651,
    "95": 0.0,
    "96": 0.0,
    "97": 0.0,
    "98": 0.0,
    "99": 0.0,
    "100": 0.0,
    "101": 0.0,
    "102": 0.0,
    "103": 0.0,
    "104": 0.0,
    "105": 0.0,
    "106": 0.0,
    "107": 0.0,
    "108": 0.0,
    "109": 0.0,
    "110": 0.0,
    "111": 0.0,
    "112": 0.0,
    "113": 0.0,
    "114": 0.0,
    "115": 0.0,
    "116": 0.0,
    "117": 0.0,
    "118": 0.0
}