{
    "1": 0.013995955787631296,
    "2": 7.665407789047977e-07,
    "3": 0.016877581308328962,
    "4": 0.007062566052038182,
    "5": 0.008349247335028714,
    "6": 0.007394137524513335,
    "7": 0.015000095817597363,
    "8": 0.07052760008148044,
    "9": 0.017148823182464384,
    "10": 3.4068479062435457e-07,
    "11": 0.011278171260824726,
    "12": 0.01742440878768027,
    "13": 0.014565694319152092,
    "14": 0.012069326515852134,
    "15": 0.012753506746623495,
    "16": 0.023164691996107677,
    "17": 0.017522923472969146,
    "18": 5.110271859365318e-07,
    "19": 0.010803654128283439,
    "20": 0.010047873310682527,
    "21": 0.012512699380450513,
    "22": 0.006566954852877402,
    "23": 0.00510697857305595,
    "24": 0.006094197925087673,
    "25": 0.008550251361497082,
    "26": 0.010549304541683138,
    "27": 0.012336764076492252,
    "28": 0.016758256460412783,
    "29": 0.015874718846327737,
    "30": 0.016218782094459115,
    "31": 0.01476150290256344,
    "32": 0.010921020038653528,
    "33": 0.011966979126668734,
    "34": 0.023675094593261396,
    "35": 0.01576646625410685,
    "36": 1.4195199609348107e-06,
    "37": 0.00884928743646761,
    "38": 0.00998660682916858,
    "39": 0.015776346113034957,
    "40": 0.008990132206991562,
    "41": 0.005925871248120023,
    "42": 0.006760747717944222,
    "43": 0.006698941818845121,
    "44": 0.008021281443254334,
    "45": 0.012714526728496224,
    "46": 0.01898959988700621,
    "47": 0.015342569203372496,
    "48": 0.015197749776957927,
    "49": 0.016430432520634496,
    "50": 0.01152176088612114,
    "51": 0.01084172565363571,
    "52": 0.019869389968394387,
    "53": 0.012781102214664067,
    "54": 1.169684447810284e-05,
    "55": 0.007070941219807698,
    "56": 0.010731145048678888,
    "57": 0.016504077216207794,
    "58": 0.006943695450509501,
    "59": 0.013350301328599707,
    "60": 0.013483565862532267,
    "61": 0.014065370313721008,
    "62": 0.013180384789275811,
    "63": 0.0012272033966273625,
    "64": 0.002249655234089488,
    "65": 0.013088996094190827,
    "66": 0.012911101852686476,
    "67": 0.01276753160383753,
    "68": 0.01231351233953214,
    "69": 0.012413361373584295,
    "70": 0.00042168259959529485,
    "71": 0.0023970014060345213,
    "72": 0.006660359266306913,
    "73": 0.007108019081187315,
    "74": 0.006260963130098295,
    "75": 0.005968201333355099,
    "76": 0.006817670468377709,
    "77": 0.010618605506175976,
    "78": 0.01556282192051114,
    "79": 0.01602274638785402,
    "80": 0.015445399229342613,
    "81": 0.016251260711165304,
    "82": 0.011644293849149034,
    "83": 0.00850871620744013,
    "84": 0.0,
    "85": 0.0,
    "86": 0.0,
    "87": 0.0,
    "88": 0.0,
    "89": 0.009854960547991485,
    "90": 0.006194274082333577,
    "91": 0.0040002924211119525,
    "92": 0.002680678275027734,
    "93": 0.0022756608397738135,
    "94": 0.004646514688127916,
    "95": 0.0,
    "96": 0.0,
    "97": 0.0,
    "98": 0.0,
    "99": 0.0,
    "100": 0.0,
    "101": 0.0,
    "102": 0.0,
    "103": 0.0,
    "104": 0.0,
    "105": 0.0,
    "106": 0.0,
    "107": 0.0,
    "108": 0.0,
    "109": 0.0,
    "110": 0.0,
    "111": 0.0,
    "112": 0.0,
    "113": 0.0,
    "114": 0.0,
    "115": 0.0,
    "116": 0.0,
    "117": 0.0,
    "118": 0.0
}