{
  "Ag+": 0.8461538461538461,
  "Ag2+": 0.11923076923076924,
  "Ag3+": 0.03461538461538462,
  "Al3+": 1.0,
  "As-": 0.15472779369627507,
  "As2+": 0.04297994269340974,
  "As2-": 0.12750716332378223,
  "As3+": 0.11031518624641834,
  "As3-": 0.45988538681948427,
  "As5+": 0.10458452722063037,
  "B+": 0.009879253567508232,
  "B-": 0.0867178924259056,
  "B2+": 0.038419319429198684,
  "B2-": 0.23710208562019758,
  "B3+": 0.4445664105378705,
  "B3-": 0.18331503841931943,
  "Ba2+": 1.0,
  "Be2+": 1.0,
  "Bi+": 0.12387387387387387,
  "Bi2+": 0.07432432432432433,
  "Bi3+": 0.5540540540540541,
  "Bi3-": 0.18693693693693694,
  "Bi5+": 0.060810810810810814,
  "Br+": 0.007331378299120235,
  "Br-": 0.9765395894428153,
  "Br3+": 0.011730205278592375,
  "Br5+": 0.004398826979472141,
  "C+": 0.04950884086444008,
  "C-": 0.04636542239685658,
  "C2+": 0.0793713163064833,
  "C2-": 0.331237721021611,
  "C3+": 0.06758349705304519,
  "C3-": 0.03339882121807466,
  "C4+": 0.30766208251473476,
  "C4-": 0.08487229862475441,
  "Ca2+": 1.0,
  "Cd2+": 1.0,
  "Ce2+": 0.24598930481283424,
  "Ce3+": 0.5187165775401069,
  "Ce4+": 0.23529411764705882,
  "Cl-": 0.9966216216216216,
  "Cl3+": 0.0005630630630630631,
  "Cl5+": 0.0022522522522522522,
  "Cl7+": 0.0005630630630630631,
  "Co+": 0.07279693486590039,
  "Co2+": 0.4674329501915709,
  "Co3+": 0.29310344827586204,
  "Co4+": 0.16666666666666666,
  "Cr2+": 0.1925601750547046,
  "Cr3+": 0.47702407002188185,
  "Cr4+": 0.1137855579868709,
  "Cr5+": 0.10065645514223195,
  "Cr6+": 0.11597374179431072,
  "Cs+": 1.0,
  "Cu+": 0.3916256157635468,
  "Cu2+": 0.5073891625615764,
  "Cu3+": 0.10098522167487685,
  "Dy2+": 0.19285714285714287,
  "Dy3+": 0.8071428571428572,
  "Er3+": 1.0,
  "Eu2+": 0.6375,
  "Eu3+": 0.3625,
  "F-": 1.0,
  "Fe+": 0.09335443037974683,
  "Fe2+": 0.375,
  "Fe3+": 0.49841772151898733,
  "Fe4+": 0.02689873417721519,
  "Fe5+": 0.0015822784810126582,
  "Fe6+": 0.004746835443037975,
  "Ga+": 0.19314641744548286,
  "Ga2+": 0.11214953271028037,
  "Ga3+": 0.6884735202492211,
  "Ga4+": 0.006230529595015576,
  "Gd2+": 0.06557377049180328,
  "Gd3+": 0.9344262295081968,
  "Ge2+": 0.12415349887133183,
  "Ge2-": 0.16478555304740405,
  "Ge3+": 0.03837471783295711,
  "Ge4+": 0.435665914221219,
  "Ge4-": 0.23702031602708803,
  "H+": 0.9698644986449865,
  "H-": 0.030135501355013552,
  "Hf2+": 0.18857142857142858,
  "Hf3+": 0.12,
  "Hf4+": 0.6914285714285714,
  "Hg+": 0.3089430894308943,
  "Hg2+": 0.6910569105691057,
  "Ho2+": 0.3352272727272727,
  "Ho3+": 0.6647727272727273,
  "I+": 0.030257186081694403,
  "I-": 0.9409984871406959,
  "I3+": 0.0045385779122541605,
  "I5+": 0.018154311649016642,
  "I7+": 0.006051437216338881,
  "In+": 0.39158576051779936,
  "In2+": 0.0744336569579288,
  "In3+": 0.5339805825242718,
  "Ir3+": 0.3333333333333333,
  "Ir4+": 0.3472222222222222,
  "Ir5+": 0.18055555555555555,
  "Ir6+": 0.1388888888888889,
  "K+": 1.0,
  "La+": 0.07578558225508318,
  "La2+": 0.1589648798521257,
  "La3+": 0.7652495378927912,
  "Li+": 1.0,
  "Lu3+": 1.0,
  "Mg2+": 1.0,
  "Mn+": 0.01812688821752266,
  "Mn2+": 0.4093655589123867,
  "Mn3+": 0.3610271903323263,
  "Mn4+": 0.17522658610271905,
  "Mn5+": 0.027190332326283987,
  "Mn6+": 0.004531722054380665,
  "Mn7+": 0.004531722054380665,
  "Mo2+": 0.16333333333333333,
  "Mo3+": 0.12333333333333334,
  "Mo4+": 0.19,
  "Mo5+": 0.07333333333333333,
  "Mo6+": 0.45,
  "N+": 0.010934393638170975,
  "N-": 0.0536779324055666,
  "N2+": 0.005964214711729622,
  "N2-": 0.061630218687872766,
  "N3+": 0.019218025182239893,
  "N3-": 0.8131212723658051,
  "N5+": 0.03545394300861498,
  "Na+": 1.0,
  "Nb+": 0.06297229219143577,
  "Nb2+": 0.10579345088161209,
  "Nb3+": 0.12090680100755667,
  "Nb4+": 0.09319899244332494,
  "Nb5+": 0.6171284634760705,
  "Nd2+": 0.22488038277511962,
  "Nd3+": 0.7751196172248804,
  "Ni+": 0.09154929577464789,
  "Ni2+": 0.6643192488262911,
  "Ni3+": 0.20187793427230047,
  "Ni4+": 0.04225352112676056,
  "O-": 0.009739079874990914,
  "O2-": 0.9902609201250091,
  "P+": 0.007939658594680429,
  "P-": 0.04843191742755062,
  "P2+": 0.0015879317189360857,
  "P2-": 0.031758634378721715,
  "P3+": 0.009924573243350537,
  "P3-": 0.11631599841206829,
  "P4+": 0.02421595871377531,
  "P5+": 0.759825327510917,
  "Pb2+": 0.95,
  "Pb4+": 0.05,
  "Pd2+": 0.6330935251798561,
  "Pd3+": 0.2589928057553957,
  "Pd4+": 0.1079136690647482,
  "Pr2+": 0.30198019801980197,
  "Pr3+": 0.693069306930693,
  "Pr4+": 0.0049504950495049506,
  "Rb+": 1.0,
  "Re2+": 0.039735099337748346,
  "Re3+": 0.15894039735099338,
  "Re4+": 0.1986754966887417,
  "Re5+": 0.2781456953642384,
  "Re6+": 0.152317880794702,
  "Re7+": 0.17218543046357615,
  "Rh+": 0.42857142857142855,
  "Rh3+": 0.44537815126050423,
  "Rh4+": 0.12605042016806722,
  "Ru2+": 0.256,
  "Ru3+": 0.152,
  "Ru4+": 0.216,
  "Ru5+": 0.344,
  "Ru6+": 0.032,
  "S+": 0.00333000333000333,
  "S-": 0.07092907092907093,
  "S2+": 0.022644022644022644,
  "S2-": 0.5784215784215784,
  "S3+": 0.010656010656010656,
  "S4+": 0.040293040293040296,
  "S5+": 0.006993006993006993,
  "S6+": 0.26673326673326675,
  "Sb-": 0.057692307692307696,
  "Sb2-": 0.16083916083916083,
  "Sb3+": 0.3041958041958042,
  "Sb3-": 0.26223776223776224,
  "Sb4+": 0.0017482517482517483,
  "Sb5+": 0.21328671328671328,
  "Sc+": 0.18928571428571428,
  "Sc2+": 0.22857142857142856,
  "Sc3+": 0.5821428571428572,
  "Se+": 0.03571428571428571,
  "Se-": 0.13945578231292516,
  "Se2+": 0.01020408163265306,
  "Se2-": 0.7482993197278912,
  "Se3+": 0.0045351473922902496,
  "Se4+": 0.04195011337868481,
  "Se6+": 0.01984126984126984,
  "Si-": 0.013593882752761258,
  "Si2+": 0.016992353440951572,
  "Si2-": 0.027187765505522515,
  "Si3+": 0.0033984706881903144,
  "Si4+": 0.8283772302463891,
  "Si4-": 0.11045029736618521,
  "Sm2+": 0.26455026455026454,
  "Sm3+": 0.7354497354497355,
  "Sn2+": 0.5628930817610063,
  "Sn3+": 0.06918238993710692,
  "Sn4+": 0.36792452830188677,
  "Sr2+": 1.0,
  "Ta+": 0.0932475884244373,
  "Ta2+": 0.1189710610932476,
  "Ta3+": 0.03858520900321544,
  "Ta4+": 0.09003215434083602,
  "Ta5+": 0.6591639871382636,
  "Tb+": 0.15348837209302327,
  "Tb2+": 0.13023255813953488,
  "Tb3+": 0.6372093023255814,
  "Tb4+": 0.07906976744186046,
  "Te+": 0.03727865796831314,
  "Te-": 0.1407269338303821,
  "Te2+": 0.022367194780987885,
  "Te2-": 0.6980428704566636,
  "Te4+": 0.049394221808014914,
  "Te5+": 0.011183597390493943,
  "Te6+": 0.04100652376514446,
  "Th3+": 0.3389830508474576,
  "Th4+": 0.6610169491525424,
  "Ti2+": 0.07561436672967864,
  "Ti3+": 0.11342155009451796,
  "Ti4+": 0.8109640831758034,
  "Tl+": 0.8123324396782842,
  "Tl3+": 0.1876675603217158,
  "Tm2+": 0.3700787401574803,
  "Tm3+": 0.6299212598425197,
  "U2+": 0.026845637583892617,
  "U3+": 0.26174496644295303,
  "U4+": 0.348993288590604,
  "U5+": 0.12080536912751678,
  "U6+": 0.24161073825503357,
  "V2+": 0.2169811320754717,
  "V3+": 0.2641509433962264,
  "V4+": 0.1792452830188679,
  "V5+": 0.33962264150943394,
  "W2+": 0.021551724137931036,
  "W3+": 0.12931034482758622,
  "W4+": 0.15948275862068967,
  "W5+": 0.09913793103448276,
  "W6+": 0.5905172413793104,
  "Y+": 0.140625,
  "Y3+": 0.859375,
  "Yb2+": 0.38095238095238093,
  "Yb3+": 0.6190476190476191,
  "Zn2+": 1.0,
  "Zr+": 0.10120481927710843,
  "Zr2+": 0.18072289156626506,
  "Zr3+": 0.21204819277108433,
  "Zr4+": 0.5060240963855421
}